value,count
Radio New Zealand,777131
Radio New Zealand YouTube,13100
The Wireless,3628
RNZ Music,1672
The Wireless YouTube,479
Best of Storytime RNZ,37
Radio New Zealand. Concert FM: Video and sound recordings,5
NIGHTS on Radio New Zealand National,4
"Radio New Zealand : Interviews and music collected during the making of Douglas, the landscape of a New Zealand composer",3
Labour vows to transform RNZ,1
RNZ Music Presents: Inside Splore,1
RNZI 60th Anniversary,1
Radio New Zealand Looking Back programmes,1
Radio New Zealand Sound Archives Mobile Unit sound recordings,1
Radio New Zealand recordings associated with Pacific Islands.,1
Radio New Zealand.  National Radio  [Arrangements by New Zealand composers of non-NZ works],1
Radio New Zealand. Library: Collection,1
Radio New Zealand. National Radio [Arrangements by New Zealand composers of non-NZ works],1
Recording of Trevor Constable on the US Marines and copies of 3 Radio New Zealand tapes,1
